{"cameraMode":{"drawMode":0,"name":"Shaded","section":"Shading Mode"},"sceneLighting":true,"audioPlay":false,"sceneViewState":{"showFog":true,"showMaterialUpdate":false,"showSkybox":true,"showFlares":true,"showImageEffects":true,"showParticleSystems":true},"in2DMode":false,"pivot":{"x":-3.7680344581604006,"y":7.634838581085205,"z":-7.533385753631592},"rotation":{"x":-0.04781121760606766,"y":0.08409984409809113,"z":-0.004042061977088451,"w":-0.9953014850616455},"size":20.36004638671875,"orthographic":true}